Boundary Type,Boundary Name,Population 2016,Population Density 2016,Year opened,Aboriginal,Aboriginal Percent,Visible Minorities Names,Visible Minorities Numbers,Visible Minorities Percent,Visible Minorities Total Number,Visible Minorities Total Percent,Citizenship Numbers,Citizenship Percent,Education Numbers,Education Percent,Unemployment Rate
Neighbourhood,Agassiz,365,614.3653773970769,1971,10,0.0273972602739726,"['Chinese', 'West Asian', 'Filipino']","[50, 10, 0]","[0.8333333333333334, 0.16666666666666666, 0]",60,0.1643835616438356,"[320, 45]","[0.8767123287671232, 0.1232876712328767]","[30, 75, 230]","[0.08955223880597014, 0.22388059701492538, 0.6865671641791045]",0.08
Neighbourhood,Airport,130,12.56423222103152,1971,0,0.0,"['Arab', 'Southeast Asian', 'Latin American']","[20, 10, 10]","[0.5, 0.25, 0.25]",40,0.3076923076923077,"[125, 10]","[0.9259259259259259, 0.07407407407407407]","[0, 30, 90]","[0, 0.25, 0.75]",0.0
Neighbourhood,Alpine Place,3895,12236.88344329249,1971,475,0.12195121951219512,"['Black', 'South Asian', 'Filipino']","[630, 260, 145]","[0.5228215767634855, 0.2157676348547718, 0.12033195020746888]",1205,0.30937098844672656,"[2995, 905]","[0.767948717948718, 0.23205128205128206]","[840, 885, 1565]","[0.2553191489361702, 0.2689969604863222, 0.4756838905775076]",0.09
Neighbourhood,Amber Trails,8415,4223.716961272807,1991,320,0.038027332144979206,"['South Asian', 'Filipino', 'Multiple visible minorities']","[2925, 2810, 200]","[0.44150943396226416, 0.4241509433962264, 0.03018867924528302]",6625,0.7872846108140226,"[6515, 1900]","[0.774212715389186, 0.22578728461081402]","[930, 1975, 3460]","[0.14611154752553024, 0.3102906520031422, 0.5435978004713276]",0.06
Neighbourhood,Archwood,740,811.6073005173448,1971,130,0.17567567567567569,"['Chinese', 'Visible minority not included elsewhere', 'Filipino']","[10, 10, 0]","[0.5, 0.5, 0]",20,0.02702702702702703,"[725, 15]","[0.9797297297297297, 0.02027027027027027]","[105, 210, 325]","[0.1640625, 0.328125, 0.5078125]",0.0
Neighbourhood,Armstrong Point,370,1391.0768062380394,1971,10,0.02702702702702703,"['South Asian', 'Chinese', 'Black']","[20, 15, 10]","[0.36363636363636365, 0.2727272727272727, 0.18181818181818182]",55,0.14864864864864866,"[360, 10]","[0.972972972972973, 0.02702702702702703]","[20, 45, 245]","[0.06451612903225806, 0.14516129032258066, 0.7903225806451613]",0.04
Neighbourhood,Assiniboia Downs,415,106.04432192705275,2011,15,0.03614457831325301,"['Filipino', 'Latin American', 'Korean']","[10, 10, 10]","[0.25, 0.25, 0.25]",40,0.0963855421686747,"[415, 0]","[1, 0]","[40, 100, 210]","[0.11428571428571428, 0.2857142857142857, 0.6]",0.04
Neighbourhood,Beaumont,2310,1915.9582735805943,1971,330,0.14285714285714285,"['Black', 'Filipino', 'South Asian']","[145, 135, 110]","[0.26605504587155965, 0.24770642201834864, 0.2018348623853211]",545,0.23593073593073594,"[2155, 150]","[0.9349240780911063, 0.0650759219088937]","[330, 610, 980]","[0.171875, 0.3177083333333333, 0.5104166666666666]",0.07
Neighbourhood,Betsworth,4040,1853.939828639057,1971,225,0.05569306930693069,"['Filipino', 'South Asian', 'Black']","[105, 65, 35]","[0.29577464788732394, 0.18309859154929578, 0.09859154929577464]",355,0.08787128712871287,"[3900, 150]","[0.9629629629629629, 0.037037037037037035]","[380, 905, 2140]","[0.11094890510948906, 0.26423357664233577, 0.6248175182481752]",0.03
Neighbourhood,Birchwood,2170,2683.6208847539415,1971,210,0.0967741935483871,"['Filipino', 'South Asian', 'Korean']","[225, 40, 35]","[0.5294117647058824, 0.09411764705882353, 0.08235294117647059]",425,0.195852534562212,"[1945, 230]","[0.8942528735632184, 0.10574712643678161]","[265, 655, 1015]","[0.13695090439276486, 0.3385012919896641, 0.524547803617571]",0.07
Neighbourhood,Booth,5465,2914.3822229617053,1971,630,0.11527904849039342,"['Filipino', 'South Asian', 'Black']","[280, 175, 130]","[0.3522012578616352, 0.22012578616352202, 0.16352201257861634]",795,0.1454711802378774,"[5055, 405]","[0.9258241758241759, 0.07417582417582418]","[815, 1530, 2345]","[0.17377398720682302, 0.326226012793177, 0.5]",0.07
Neighbourhood,Bridgwater Centre,250,384.1166239528981,2016,15,0.06,"['Chinese', 'South Asian', 'Filipino']","[70, 50, 40]","[0.3684210526315789, 0.2631578947368421, 0.21052631578947367]",190,0.76,"[110, 140]","[0.44, 0.56]","[10, 40, 120]","[0.058823529411764705, 0.23529411764705882, 0.7058823529411765]",0.0
Neighbourhood,Bridgwater Forest,4520,2754.325723391355,2011,120,0.026548672566371685,"['Chinese', 'South Asian', 'Filipino']","[1225, 580, 220]","[0.44626593806921677, 0.21129326047358835, 0.08014571948998178]",2745,0.6073008849557522,"[3290, 1225]","[0.7286821705426356, 0.2713178294573643]","[335, 750, 2410]","[0.09585121602288985, 0.2145922746781116, 0.6895565092989986]",0.06
Neighbourhood,Bridgwater Lakes,2365,1217.0383307894745,2016,55,0.023255813953488372,"['Chinese', 'South Asian', 'Filipino']","[635, 310, 175]","[0.41776315789473684, 0.20394736842105263, 0.11513157894736842]",1520,0.642706131078224,"[1820, 545]","[0.7695560253699789, 0.23044397463002114]","[165, 425, 1165]","[0.09401709401709402, 0.24216524216524216, 0.6638176638176638]",0.04
Neighbourhood,Bridgwater Trails,265,164.12164572515755,2016,10,0.03773584905660377,"['Black', 'Chinese', 'South Asian']","[60, 40, 25]","[0.48, 0.32, 0.2]",125,0.4716981132075472,"[175, 90]","[0.660377358490566, 0.33962264150943394]","[10, 40, 120]","[0.058823529411764705, 0.23529411764705882, 0.7058823529411765]",0.0
Neighbourhood,Broadway-Assiniboine,5270,15452.189108992176,1981,720,0.1366223908918406,"['Black', 'Filipino', 'South Asian']","[505, 340, 205]","[0.3146417445482866, 0.2118380062305296, 0.1277258566978193]",1605,0.3045540796963947,"[4125, 1140]","[0.7834757834757835, 0.21652421652421652]","[575, 1340, 3050]","[0.11581067472306143, 0.26988922457200404, 0.6143001007049346]",0.08
Neighbourhood,Brockville,1000,1420.8682926136162,1986,40,0.04,"['Korean', 'South Asian', 'Black']","[70, 55, 20]","[0.4, 0.3142857142857143, 0.11428571428571428]",175,0.175,"[900, 105]","[0.8955223880597015, 0.1044776119402985]","[120, 265, 540]","[0.12972972972972974, 0.2864864864864865, 0.5837837837837838]",0.06
Neighbourhood,Brooklands,2820,3395.4099355474136,1971,735,0.26063829787234044,"['Filipino', 'South Asian', 'Multiple visible minorities']","[870, 150, 85]","[0.7219917012448133, 0.12448132780082988, 0.07053941908713693]",1205,0.42730496453900707,"[2345, 475]","[0.8315602836879432, 0.16843971631205673]","[630, 695, 925]","[0.28, 0.3088888888888889, 0.4111111111111111]",0.1
Neighbourhood,Bruce Park,2135,2424.7118454271754,1971,145,0.06791569086651053,"['Filipino', 'South Asian', 'Black']","[90, 55, 50]","[0.35294117647058826, 0.21568627450980393, 0.19607843137254902]",255,0.11943793911007025,"[1975, 160]","[0.9250585480093677, 0.07494145199063232]","[250, 525, 1155]","[0.12953367875647667, 0.27202072538860106, 0.5984455958549223]",0.06
Neighbourhood,Buchanan,2980,2508.381614067812,1971,450,0.15100671140939598,"['Black', 'Filipino', 'Arab']","[85, 75, 35]","[0.32075471698113206, 0.2830188679245283, 0.1320754716981132]",265,0.08892617449664429,"[2885, 90]","[0.9697478991596639, 0.030252100840336135]","[440, 920, 1065]","[0.18144329896907216, 0.37938144329896906, 0.43917525773195876]",0.05
Neighbourhood,Burrows Central,5415,5057.736655841335,1971,930,0.17174515235457063,"['Filipino', 'Southeast Asian', 'Multiple visible minorities']","[2325, 195, 125]","[0.8259325044404974, 0.06927175843694494, 0.04440497335701599]",2815,0.5198522622345337,"[4390, 1020]","[0.8114602587800369, 0.18853974121996303]","[1275, 1210, 1885]","[0.2917620137299771, 0.2768878718535469, 0.43135011441647597]",0.08
Neighbourhood,Burrows-Keewatin,3015,4402.263186712904,1971,1010,0.33499170812603646,"['Filipino', 'Black', 'Visible minority not included elsewhere']","[920, 140, 40]","[0.7896995708154506, 0.12017167381974249, 0.034334763948497854]",1165,0.3864013266998342,"[2630, 385]","[0.8723051409618574, 0.12769485903814262]","[710, 705, 835]","[0.31555555555555553, 0.31333333333333335, 0.3711111111111111]",0.07
Neighbourhood,Canterbury Park,8005,2570.967371035716,1976,830,0.10368519675202999,"['Filipino', 'Black', 'Latin American']","[705, 360, 165]","[0.43653250773993807, 0.22291021671826625, 0.1021671826625387]",1615,0.20174890693316677,"[7670, 345]","[0.9569557080474111, 0.043044291952588895]","[970, 2180, 2965]","[0.15862632869991825, 0.3565004088307441, 0.4848732624693377]",0.06
Neighbourhood,Centennial,2830,5312.149806378709,1971,955,0.3374558303886926,"['Black', 'Filipino', 'Southeast Asian']","[420, 365, 190]","[0.29577464788732394, 0.25704225352112675, 0.13380281690140844]",1420,0.5017667844522968,"[2140, 695]","[0.7548500881834215, 0.24514991181657847]","[890, 490, 600]","[0.4494949494949495, 0.2474747474747475, 0.30303030303030304]",0.19
Neighbourhood,Central Park,3775,16221.907094667182,2001,675,0.17880794701986752,"['Black', 'Filipino', 'South Asian']","[1065, 850, 185]","[0.426, 0.34, 0.074]",2500,0.6622516556291391,"[2535, 1245]","[0.6706349206349206, 0.32936507936507936]","[855, 855, 1255]","[0.28836424957841483, 0.28836424957841483, 0.42327150084317033]",0.1
Neighbourhood,Central River Heights,3340,2915.3093893910673,1971,230,0.0688622754491018,"['Filipino', 'Black', 'Chinese']","[50, 45, 45]","[0.2631578947368421, 0.23684210526315788, 0.23684210526315788]",190,0.05688622754491018,"[3265, 70]","[0.9790104947526237, 0.020989505247376312]","[325, 590, 1825]","[0.11861313868613138, 0.21532846715328466, 0.666058394160584]",0.05
Neighbourhood,Central St. Boniface,6165,3128.8571474973205,1971,1050,0.17031630170316303,"['Black', 'Filipino', 'Arab']","[490, 220, 110]","[0.4298245614035088, 0.19298245614035087, 0.09649122807017543]",1140,0.18491484184914841,"[5445, 720]","[0.8832116788321168, 0.11678832116788321]","[1055, 1570, 2885]","[0.19147005444646098, 0.2849364791288566, 0.5235934664246824]",0.07
Neighbourhood,Chalmers,9655,3827.779649929629,1971,2410,0.24961160020714654,"['Filipino', 'Black', 'Latin American']","[710, 580, 190]","[0.34299516908212563, 0.28019323671497587, 0.09178743961352658]",2070,0.21439668565510098,"[8640, 1015]","[0.8948731227343345, 0.10512687726566546]","[2070, 2680, 3065]","[0.2648752399232246, 0.3429302623160589, 0.3921944977607166]",0.1
Neighbourhood,China Town,420,6364.311366357038,1986,0,0.0,"['Chinese', 'South Asian', 'Filipino']","[310, 30, 25]","[0.7654320987654321, 0.07407407407407407, 0.06172839506172839]",405,0.9642857142857143,"[220, 200]","[0.5238095238095238, 0.47619047619047616]","[185, 105, 70]","[0.5138888888888888, 0.2916666666666667, 0.19444444444444445]",0.13
Neighbourhood,Civic Centre,155,779.7722059001086,2011,10,0.06451612903225806,"['South Asian', 'Black', 'Chinese']","[10, 10, 10]","[0.3333333333333333, 0.3333333333333333, 0.3333333333333333]",30,0.1935483870967742,"[160, 0]","[1, 0]","[10, 30, 115]","[0.06451612903225806, 0.1935483870967742, 0.7419354838709677]",0.08
Neighbourhood,Cloutier Drive,320,389.68456252427916,1971,10,0.03125,"['Filipino', 'South Asian', 'Black']","[10, 0, 0]","[1, 0, 0]",10,0.03125,"[320, 0]","[1, 0]","[30, 80, 200]","[0.0967741935483871, 0.25806451612903225, 0.6451612903225806]",0.0
Neighbourhood,Colony,645,5140.753020690535,1986,100,0.15503875968992248,"['Black', 'Filipino', 'South Asian']","[95, 90, 45]","[0.296875, 0.28125, 0.140625]",320,0.49612403100775193,"[460, 185]","[0.7131782945736435, 0.2868217054263566]","[55, 170, 385]","[0.09016393442622951, 0.2786885245901639, 0.6311475409836066]",0.07
Neighbourhood,Crescent Park,2650,1471.1948378271395,1971,125,0.04716981132075471,"['South Asian', 'Black', 'Chinese']","[280, 80, 75]","[0.49122807017543857, 0.14035087719298245, 0.13157894736842105]",570,0.21509433962264152,"[2330, 315]","[0.8809073724007561, 0.11909262759924386]","[215, 515, 1570]","[0.09347826086956522, 0.22391304347826088, 0.6826086956521739]",0.04
Neighbourhood,Crescentwood,2715,2552.281824557181,1971,180,0.06629834254143646,"['South Asian', 'Filipino', 'Chinese']","[50, 45, 35]","[0.18867924528301888, 0.16981132075471697, 0.1320754716981132]",265,0.09760589318600368,"[2595, 120]","[0.9558011049723757, 0.04419889502762431]","[170, 450, 1665]","[0.07439824945295405, 0.19693654266958424, 0.7286652078774617]",0.04
Neighbourhood,Crestview,8680,3047.1012343217335,1971,1170,0.1347926267281106,"['Filipino', 'Black', 'South Asian']","[315, 195, 155]","[0.3620689655172414, 0.22413793103448276, 0.1781609195402299]",870,0.10023041474654378,"[8165, 510]","[0.9412103746397694, 0.058789625360230545]","[1220, 2710, 3305]","[0.1686247408431237, 0.37456807187284036, 0.4568071872840359]",0.06
Neighbourhood,Dakota Crossing,12105,3155.96653658679,1971,990,0.08178438661710037,"['Black', 'South Asian', 'Chinese']","[675, 570, 425]","[0.268389662027833, 0.22664015904572565, 0.16898608349900596]",2515,0.2077653862040479,"[11390, 715]","[0.9409334985543164, 0.0590665014456836]","[1450, 2950, 5815]","[0.14194811551639747, 0.2887909936368086, 0.5692608908467939]",0.05
Neighbourhood,Daniel Mcintyre,10075,7904.434407316485,1971,1895,0.1880893300248139,"['Filipino', 'Black', 'Southeast Asian']","[4060, 530, 450]","[0.6869712351945855, 0.08967851099830795, 0.07614213197969544]",5910,0.5866004962779157,"[7950, 2125]","[0.7890818858560794, 0.2109181141439206]","[2340, 2275, 3470]","[0.2894248608534323, 0.2813852813852814, 0.4291898577612863]",0.08
Neighbourhood,Deer Lodge,3875,2551.8519859993876,1971,350,0.09032258064516129,"['Filipino', 'South Asian', 'Chinese']","[135, 50, 40]","[0.38571428571428573, 0.14285714285714285, 0.11428571428571428]",350,0.09032258064516129,"[3765, 105]","[0.9728682170542635, 0.027131782945736434]","[365, 1025, 1815]","[0.11388455538221529, 0.31981279251170047, 0.5663026521060842]",0.05
Neighbourhood,Dufferin,2255,3452.1030272876883,1971,935,0.4146341463414634,"['Filipino', 'Black', 'Arab']","[370, 85, 60]","[0.6016260162601627, 0.13821138211382114, 0.0975609756097561]",615,0.2727272727272727,"[1920, 340]","[0.8495575221238938, 0.1504424778761062]","[715, 480, 445]","[0.43597560975609756, 0.2926829268292683, 0.27134146341463417]",0.18
Neighbourhood,Dufresne,370,2334.8857168099153,1971,105,0.28378378378378377,"['Black', 'Filipino', 'South Asian']","[10, 0, 0]","[1, 0, 0]",10,0.02702702702702703,"[370, 0]","[1, 0]","[95, 100, 145]","[0.27941176470588236, 0.29411764705882354, 0.4264705882352941]",0.08
Neighbourhood,Eaglemere,1560,1923.3780436532838,1971,100,0.06410256410256411,"['South Asian', 'Filipino', 'West Asian']","[235, 110, 85]","[0.3533834586466165, 0.16541353383458646, 0.12781954887218044]",665,0.42628205128205127,"[1405, 155]","[0.9006410256410257, 0.09935897435897435]","[225, 430, 615]","[0.17716535433070865, 0.33858267716535434, 0.484251968503937]",0.07
Neighbourhood,Earl Grey,4260,4208.055759702236,1971,645,0.15140845070422537,"['Filipino', 'Black', 'West Asian']","[240, 90, 65]","[0.375, 0.140625, 0.1015625]",640,0.15023474178403756,"[3910, 350]","[0.9178403755868545, 0.08215962441314555]","[400, 1105, 2205]","[0.1078167115902965, 0.29784366576819404, 0.5943396226415094]",0.06
Neighbourhood,East Elmwood,3425,3822.638502284654,1971,665,0.19416058394160582,"['Filipino', 'Black', 'Southeast Asian']","[425, 295, 105]","[0.4166666666666667, 0.28921568627450983, 0.10294117647058823]",1020,0.29781021897810217,"[3150, 275]","[0.9197080291970803, 0.08029197080291971]","[655, 955, 1120]","[0.23992673992673993, 0.3498168498168498, 0.41025641025641024]",0.09
Neighbourhood,Ebby-Wentworth,795,1995.7173662555572,1971,75,0.09433962264150944,"['South Asian', 'Black', 'Arab']","[45, 35, 30]","[0.24324324324324326, 0.1891891891891892, 0.16216216216216217]",185,0.23270440251572327,"[730, 65]","[0.9182389937106918, 0.08176100628930817]","[85, 195, 390]","[0.12686567164179105, 0.291044776119403, 0.582089552238806]",0.06
Neighbourhood,Edgeland,1255,4638.596076228211,1971,160,0.12749003984063745,"['Black', 'West Asian', 'Visible minority not included elsewhere']","[125, 60, 55]","[0.390625, 0.1875, 0.171875]",320,0.2549800796812749,"[1130, 125]","[0.900398406374502, 0.099601593625498]","[220, 335, 425]","[0.22448979591836735, 0.34183673469387754, 0.4336734693877551]",0.14
Neighbourhood,Elm Park,1715,1841.9905097211988,1971,185,0.10787172011661807,"['Filipino', 'Latin American', 'South Asian']","[45, 30, 15]","[0.32142857142857145, 0.21428571428571427, 0.10714285714285714]",140,0.08163265306122448,"[1635, 85]","[0.9505813953488372, 0.04941860465116279]","[170, 350, 895]","[0.12014134275618374, 0.24734982332155478, 0.6325088339222615]",0.08
Neighbourhood,Elmhurst,4400,2359.0165903203115,1971,205,0.046590909090909086,"['South Asian', 'Chinese', 'Southeast Asian']","[135, 55, 40]","[0.4153846153846154, 0.16923076923076924, 0.12307692307692308]",325,0.07386363636363637,"[4260, 135]","[0.9692832764505119, 0.030716723549488054]","[435, 1065, 2330]","[0.11357702349869452, 0.2780678851174935, 0.608355091383812]",0.06
Neighbourhood,Eric Coy,2440,1219.125886739208,1971,175,0.07172131147540985,"['Southeast Asian', 'Black', 'Filipino']","[50, 20, 15]","[0.38461538461538464, 0.15384615384615385, 0.11538461538461539]",130,0.05327868852459016,"[2340, 100]","[0.9590163934426229, 0.040983606557377046]","[205, 625, 1195]","[0.10123456790123457, 0.30864197530864196, 0.5901234567901235]",0.02
Neighbourhood,Exchange District,630,1972.4606916762157,1986,60,0.09523809523809523,"['Filipino', 'South Asian', 'Black']","[35, 10, 10]","[0.4117647058823529, 0.11764705882352941, 0.11764705882352941]",85,0.1349206349206349,"[600, 30]","[0.9523809523809523, 0.047619047619047616]","[20, 125, 475]","[0.03225806451612903, 0.20161290322580644, 0.7661290322580645]",0.03
Neighbourhood,Fairfield Park,2885,2844.1831279310613,2006,100,0.03466204506065858,"['Chinese', 'South Asian', 'Black']","[960, 575, 170]","[0.4752475247524752, 0.28465346534653463, 0.08415841584158416]",2020,0.7001733102253033,"[1745, 1135]","[0.6059027777777778, 0.3940972222222222]","[240, 820, 1375]","[0.09856262833675565, 0.33675564681724846, 0.5646817248459959]",0.08
Neighbourhood,Fort Richmond,11770,2557.3497079037315,1971,690,0.058623619371282916,"['Chinese', 'South Asian', 'Black']","[1615, 1415, 955]","[0.30074487895716945, 0.2635009310986965, 0.17783985102420857]",5370,0.4562446898895497,"[8330, 3445]","[0.7074309978768577, 0.29256900212314224]","[1000, 3060, 5900]","[0.10040160642570281, 0.3072289156626506, 0.5923694779116466]",0.09
Neighbourhood,Garden City,6255,2700.247878870032,1971,550,0.08792965627498,"['Filipino', 'Southeast Asian', 'South Asian']","[1505, 145, 130]","[0.7132701421800948, 0.06872037914691943, 0.061611374407582936]",2110,0.33733013589128696,"[5425, 835]","[0.8666134185303515, 0.13338658146964857]","[910, 1660, 2705]","[0.17251184834123223, 0.31469194312796206, 0.5127962085308057]",0.05
Neighbourhood,Glendale,1040,833.5423868325951,1971,140,0.13461538461538464,"['Black', 'Chinese', 'Latin American']","[40, 15, 10]","[0.5333333333333333, 0.2, 0.13333333333333333]",75,0.07211538461538461,"[995, 45]","[0.9567307692307693, 0.04326923076923077]","[145, 380, 395]","[0.15760869565217392, 0.41304347826086957, 0.42934782608695654]",0.04
Neighbourhood,Glenelm,2155,2565.961890405446,1971,345,0.16009280742459397,"['Filipino', 'Black', 'Latin American']","[60, 45, 40]","[0.2926829268292683, 0.21951219512195122, 0.1951219512195122]",205,0.0951276102088167,"[2090, 70]","[0.9675925925925926, 0.032407407407407406]","[265, 525, 905]","[0.15634218289085547, 0.30973451327433627, 0.5339233038348082]",0.07
Neighbourhood,Glenwood,3880,2383.210405538876,1971,580,0.14948453608247422,"['Black', 'Filipino', 'Southeast Asian']","[135, 100, 70]","[0.32142857142857145, 0.23809523809523808, 0.16666666666666666]",420,0.10824742268041238,"[3685, 195]","[0.9497422680412371, 0.05025773195876289]","[460, 965, 1855]","[0.1402439024390244, 0.2942073170731707, 0.5655487804878049]",0.06
Neighbourhood,Grant Park,2725,1989.072873060654,1971,235,0.08623853211009175,"['Filipino', 'South Asian', 'Chinese']","[425, 160, 95]","[0.4166666666666667, 0.1568627450980392, 0.09313725490196079]",1020,0.3743119266055046,"[1995, 730]","[0.7321100917431193, 0.26788990825688075]","[335, 720, 1335]","[0.1401673640167364, 0.301255230125523, 0.5585774058577406]",0.08
Neighbourhood,Grassie,5120,2060.7768162608168,1971,470,0.091796875,"['South Asian', 'Filipino', 'Black']","[800, 300, 200]","[0.4878048780487805, 0.18292682926829268, 0.12195121951219512]",1640,0.3203125,"[4670, 455]","[0.911219512195122, 0.08878048780487804]","[730, 1335, 1955]","[0.18159203980099503, 0.332089552238806, 0.486318407960199]",0.08
Neighbourhood,Heritage Park,5535,3314.796027754455,1971,680,0.12285456187895212,"['Filipino', 'Black', 'South Asian']","[145, 145, 80]","[0.27358490566037735, 0.27358490566037735, 0.1509433962264151]",530,0.0957542908762421,"[5225, 305]","[0.9448462929475587, 0.05515370705244123]","[765, 1525, 2420]","[0.1624203821656051, 0.3237791932059448, 0.5138004246284501]",0.07
Neighbourhood,Holden,180,1827.6709380013401,1971,75,0.4166666666666667,"['Filipino', 'South Asian', 'Black']","[15, 0, 0]","[1, 0, 0]",15,0.08333333333333333,"[175, 10]","[0.9459459459459459, 0.05405405405405406]","[55, 50, 50]","[0.3548387096774194, 0.3225806451612903, 0.3225806451612903]",0.0
Neighbourhood,Inkster Gardens,4275,3115.226205501453,1971,290,0.06783625730994153,"['Filipino', 'South Asian', 'Multiple visible minorities']","[1870, 695, 95]","[0.6504347826086957, 0.2417391304347826, 0.03304347826086956]",2875,0.672514619883041,"[3220, 1055]","[0.7532163742690059, 0.24678362573099416]","[560, 1150, 1690]","[0.16470588235294117, 0.3382352941176471, 0.4970588235294118]",0.08
Neighbourhood,Inkster-Faraday,4545,5417.376368796389,1971,910,0.20022002200220024,"['Filipino', 'Black', 'Southeast Asian']","[1505, 85, 80]","[0.8224043715846995, 0.04644808743169399, 0.04371584699453552]",1830,0.40264026402640263,"[3810, 735]","[0.8382838283828383, 0.1617161716171617]","[910, 1095, 1530]","[0.25742574257425743, 0.30975954738330974, 0.4328147100424328]",0.08
Neighbourhood,Island Lakes,7525,2997.10764176817,1986,545,0.07242524916943523,"['South Asian', 'Chinese', 'Black']","[420, 410, 260]","[0.23204419889502761, 0.2265193370165746, 0.143646408839779]",1810,0.24053156146179402,"[7085, 440]","[0.9415282392026578, 0.05847176079734219]","[715, 1630, 3570]","[0.12087912087912088, 0.27557058326289097, 0.6035502958579881]",0.05
Neighbourhood,J.B. Mitchell,2270,3878.452377901364,1971,190,0.08370044052863437,"['Black', 'South Asian', 'Latin American']","[110, 90, 85]","[0.24719101123595505, 0.20224719101123595, 0.19101123595505617]",445,0.1960352422907489,"[1955, 315]","[0.8612334801762115, 0.13876651982378854]","[275, 525, 1140]","[0.14175257731958762, 0.2706185567010309, 0.5876288659793815]",0.06
Neighbourhood,Jameswood,1380,1839.352547903138,1971,145,0.10507246376811594,"['Filipino', 'Black', 'Latin American']","[60, 35, 35]","[0.36363636363636365, 0.21212121212121213, 0.21212121212121213]",165,0.11956521739130435,"[1345, 40]","[0.9711191335740073, 0.02888086642599278]","[195, 330, 570]","[0.1780821917808219, 0.3013698630136986, 0.5205479452054794]",0.03
Neighbourhood,Jefferson,8985,3795.7101082907434,1971,1280,0.1424596549805231,"['Filipino', 'Black', 'Southeast Asian']","[2125, 180, 145]","[0.7495590828924162, 0.06349206349206349, 0.05114638447971781]",2835,0.31552587646076796,"[7805, 1180]","[0.8686700055648303, 0.13132999443516974]","[1710, 2260, 3445]","[0.2306136210384356, 0.3047875927174646, 0.4645987862440998]",0.07
Neighbourhood,Kensington,270,2563.4939473059576,1971,60,0.2222222222222222,"['Filipino', 'South Asian', 'Black']","[50, 30, 10]","[0.5555555555555556, 0.3333333333333333, 0.1111111111111111]",90,0.3333333333333333,"[250, 20]","[0.9259259259259259, 0.07407407407407407]","[85, 70, 75]","[0.3695652173913043, 0.30434782608695654, 0.32608695652173914]",0.06
Neighbourhood,Kern Park,1775,3147.5258673428675,1971,190,0.10704225352112677,"['Filipino', 'South Asian', 'Japanese']","[15, 10, 10]","[0.42857142857142855, 0.2857142857142857, 0.2857142857142857]",35,0.01971830985915493,"[1725, 50]","[0.971830985915493, 0.028169014084507043]","[310, 575, 605]","[0.2080536912751678, 0.3859060402684564, 0.40604026845637586]",0.05
Neighbourhood,Kil-Cona Park,335,116.83827942903399,1971,35,0.1044776119402985,"['South Asian', 'Multiple visible minorities', 'Filipino']","[10, 10, 0]","[0.5, 0.5, 0]",20,0.05970149253731343,"[325, 10]","[0.9701492537313433, 0.029850746268656716]","[55, 140, 120]","[0.1746031746031746, 0.4444444444444444, 0.38095238095238093]",0.05
Neighbourhood,Kildare-Redonda,6140,3059.5501066108704,1971,835,0.13599348534201955,"['Filipino', 'Black', 'South Asian']","[400, 195, 120]","[0.47337278106508873, 0.23076923076923078, 0.14201183431952663]",845,0.13762214983713356,"[5710, 425]","[0.9307253463732681, 0.06927465362673187]","[965, 1820, 2350]","[0.18792599805258034, 0.35443037974683544, 0.45764362220058424]",0.08
Neighbourhood,Kildonan Drive,4695,2068.807798281766,1971,390,0.0830670926517572,"['Latin American', 'Filipino', 'Black']","[115, 80, 40]","[0.30666666666666664, 0.21333333333333335, 0.10666666666666667]",375,0.07987220447284345,"[4540, 160]","[0.9659574468085106, 0.03404255319148936]","[690, 1160, 2215]","[0.16974169741697417, 0.2853628536285363, 0.5448954489544895]",0.05
Neighbourhood,King Edward,5525,3467.5130118033517,1971,900,0.16289592760180993,"['Filipino', 'Black', 'Chinese']","[765, 140, 110]","[0.6047430830039525, 0.11067193675889328, 0.08695652173913043]",1265,0.22895927601809954,"[5205, 320]","[0.9420814479638009, 0.0579185520361991]","[925, 1555, 2135]","[0.20043336944745396, 0.3369447453954496, 0.4626218851570964]",0.06
Neighbourhood,Kingston Crescent,720,1002.51603677563,1971,55,0.0763888888888889,"['Filipino', 'South Asian', 'Black']","[0, 0, 0]","[0, 0, 0]",0,0.0,"[705, 15]","[0.9791666666666666, 0.020833333333333332]","[60, 155, 410]","[0.096, 0.248, 0.656]",0.05
Neighbourhood,Kirkfield,2785,1402.3501071526402,1971,190,0.0682226211849192,"['Filipino', 'South Asian', 'Arab']","[60, 45, 40]","[0.23076923076923078, 0.17307692307692307, 0.15384615384615385]",260,0.0933572710951526,"[2700, 90]","[0.967741935483871, 0.03225806451612903]","[455, 785, 1230]","[0.18421052631578946, 0.31781376518218624, 0.4979757085020243]",0.05
Neighbourhood,Lavalee,1245,2339.117560854633,1971,295,0.2369477911646586,"['Filipino', 'Black', 'West Asian']","[50, 45, 45]","[0.18518518518518517, 0.16666666666666666, 0.16666666666666666]",270,0.21686746987951808,"[1165, 85]","[0.932, 0.068]","[290, 290, 410]","[0.29292929292929293, 0.29292929292929293, 0.41414141414141414]",0.08
Neighbourhood,Leila North,1230,863.9575860041681,2006,125,0.1016260162601626,"['South Asian', 'Filipino', 'Chinese']","[350, 120, 30]","[0.603448275862069, 0.20689655172413793, 0.05172413793103448]",580,0.4715447154471545,"[830, 395]","[0.6775510204081633, 0.3224489795918367]","[215, 325, 550]","[0.19724770642201836, 0.2981651376146789, 0.5045871559633027]",0.02
Neighbourhood,Leila-Mcphillips Triangle,2980,2847.2960719735297,1971,295,0.09899328859060402,"['Filipino', 'South Asian', 'Southeast Asian']","[940, 410, 55]","[0.5949367088607594, 0.25949367088607594, 0.03481012658227848]",1580,0.5302013422818792,"[2400, 580]","[0.8053691275167785, 0.19463087248322147]","[455, 790, 1285]","[0.17984189723320157, 0.31225296442687744, 0.5079051383399209]",0.05
Neighbourhood,Linden Ridge,1655,2806.535581953383,2006,30,0.01812688821752266,"['South Asian', 'Arab', 'Chinese']","[155, 140, 35]","[0.3069306930693069, 0.27722772277227725, 0.06930693069306931]",505,0.30513595166163143,"[1450, 205]","[0.8761329305135952, 0.12386706948640483]","[105, 350, 885]","[0.07835820895522388, 0.26119402985074625, 0.6604477611940298]",0.02
Neighbourhood,Linden Woods,9700,2685.0623889470653,1986,285,0.029381443298969072,"['South Asian', 'Chinese', 'Korean']","[680, 660, 400]","[0.24862888482632542, 0.2413162705667276, 0.14625228519195613]",2735,0.28195876288659794,"[8795, 900]","[0.9071686436307375, 0.09283135636926251]","[815, 1960, 5335]","[0.10049321824907521, 0.24167694204685575, 0.657829839704069]",0.05
Neighbourhood,Logan-C.P.R.,240,225.23325719197948,1971,90,0.375,"['Filipino', 'Black', 'Latin American']","[40, 40, 15]","[0.42105263157894735, 0.42105263157894735, 0.15789473684210525]",95,0.3958333333333333,"[205, 35]","[0.8541666666666666, 0.14583333333333334]","[80, 45, 65]","[0.42105263157894735, 0.23684210526315788, 0.34210526315789475]",0.0
Neighbourhood,Lord Roberts,4965,2935.8703037162263,1971,815,0.16414904330312186,"['Filipino', 'Black', 'South Asian']","[230, 105, 50]","[0.38016528925619836, 0.17355371900826447, 0.08264462809917356]",605,0.12185297079556898,"[4715, 250]","[0.9496475327291037, 0.050352467270896276]","[710, 1230, 2290]","[0.16784869976359337, 0.2907801418439716, 0.541371158392435]",0.07
Neighbourhood,Lord Selkirk Park,1520,2843.327066790127,1971,975,0.6414473684210525,"['Black', 'Filipino', 'Chinese']","[175, 10, 10]","[0.813953488372093, 0.046511627906976744, 0.046511627906976744]",215,0.14144736842105263,"[1440, 80]","[0.9473684210526315, 0.05263157894736842]","[530, 285, 225]","[0.5096153846153846, 0.27403846153846156, 0.21634615384615385]",0.2
Neighbourhood,Luxton,2575,3969.8507181961,1971,655,0.2543689320388349,"['Black', 'Filipino', 'Southeast Asian']","[75, 60, 40]","[0.3333333333333333, 0.26666666666666666, 0.17777777777777778]",225,0.08737864077669903,"[2480, 95]","[0.9631067961165048, 0.036893203883495145]","[510, 615, 940]","[0.2469733656174334, 0.29782082324455206, 0.4552058111380145]",0.08
Neighbourhood,Maginot,1545,3538.4326461063497,1971,370,0.23948220064724918,"['Black', 'South Asian', 'Latin American']","[110, 55, 50]","[0.4, 0.2, 0.18181818181818182]",275,0.1779935275080906,"[1380, 165]","[0.8932038834951457, 0.10679611650485436]","[335, 450, 450]","[0.27125506072874495, 0.3643724696356275, 0.3643724696356275]",0.1
Neighbourhood,Mandalay West,6075,3918.5711244847803,1981,445,0.07325102880658436,"['Filipino', 'South Asian', 'Black']","[2130, 1315, 110]","[0.5503875968992248, 0.3397932816537468, 0.028423772609819122]",3870,0.6370370370370371,"[5205, 875]","[0.8560855263157895, 0.14391447368421054]","[965, 1560, 2485]","[0.19261477045908185, 0.31137724550898205, 0.49600798403193613]",0.05
Neighbourhood,Margaret Park,2210,2427.869747534504,1971,325,0.14705882352941177,"['Filipino', 'South Asian', 'Latin American']","[390, 85, 30]","[0.6964285714285714, 0.15178571428571427, 0.05357142857142857]",560,0.25339366515837103,"[1960, 250]","[0.8868778280542986, 0.11312217194570136]","[355, 700, 840]","[0.18733509234828497, 0.36939313984168864, 0.44327176781002636]",0.08
Neighbourhood,Marlton,635,1123.563696329928,1971,40,0.06299212598425197,"['Southeast Asian', 'Filipino', 'South Asian']","[20, 15, 15]","[0.2857142857142857, 0.21428571428571427, 0.21428571428571427]",70,0.11023622047244094,"[615, 20]","[0.968503937007874, 0.031496062992125984]","[55, 160, 295]","[0.10784313725490197, 0.3137254901960784, 0.5784313725490197]",0.06
Neighbourhood,Mathers,2680,3525.3741434853587,1971,105,0.039179104477611935,"['Filipino', 'South Asian', 'Black']","[95, 70, 70]","[0.20212765957446807, 0.14893617021276595, 0.14893617021276595]",470,0.17537313432835822,"[2330, 350]","[0.8694029850746269, 0.13059701492537312]","[340, 630, 1395]","[0.14376321353065538, 0.266384778012685, 0.5898520084566596]",0.07
Neighbourhood,Maybank,2500,2813.708839660239,1971,300,0.12,"['Filipino', 'South Asian', 'Chinese']","[120, 110, 100]","[0.2222222222222222, 0.2037037037037037, 0.18518518518518517]",540,0.216,"[2200, 300]","[0.88, 0.12]","[420, 655, 940]","[0.20843672456575682, 0.3250620347394541, 0.4665012406947891]",0.08
Neighbourhood,Mcmillan,3445,6074.487856314117,1971,375,0.1088534107402032,"['South Asian', 'Filipino', 'Black']","[95, 70, 60]","[0.2159090909090909, 0.1590909090909091, 0.13636363636363635]",440,0.12772133526850507,"[3170, 275]","[0.9201741654571843, 0.07982583454281568]","[170, 865, 2140]","[0.05354330708661417, 0.27244094488188975, 0.6740157480314961]",0.06
Neighbourhood,Meadowood,5685,2855.5541658692714,1971,685,0.12049252418645558,"['South Asian', 'Chinese', 'Black']","[475, 240, 220]","[0.3467153284671533, 0.17518248175182483, 0.16058394160583941]",1370,0.24098504837291118,"[5160, 520]","[0.9084507042253521, 0.09154929577464789]","[845, 1485, 2385]","[0.1792152704135737, 0.3149522799575822, 0.5058324496288441]",0.07
Neighbourhood,Meadows,6465,2686.5924698947883,1981,480,0.07424593967517401,"['Filipino', 'Black', 'South Asian']","[445, 130, 125]","[0.46842105263157896, 0.1368421052631579, 0.13157894736842105]",950,0.14694508894044858,"[6145, 325]","[0.9497681607418856, 0.05023183925811438]","[765, 1915, 2625]","[0.14420358152686144, 0.3609802073515551, 0.4948162111215834]",0.05
Neighbourhood,Melrose,1660,3295.8872885966266,1971,265,0.15963855421686746,"['Filipino', 'Chinese', 'Black']","[160, 45, 20]","[0.5614035087719298, 0.15789473684210525, 0.07017543859649122]",285,0.1716867469879518,"[1530, 130]","[0.9216867469879518, 0.0783132530120482]","[315, 395, 675]","[0.22743682310469315, 0.2851985559566787, 0.48736462093862815]",0.07
Neighbourhood,Minnetonka,4285,1811.4923441725539,1971,350,0.08168028004667445,"['Black', 'Filipino', 'Arab']","[135, 120, 90]","[0.20300751879699247, 0.18045112781954886, 0.13533834586466165]",665,0.15519253208868145,"[4100, 185]","[0.9568261376896149, 0.043173862310385065]","[395, 1025, 2240]","[0.10792349726775956, 0.28005464480874315, 0.6120218579234973]",0.04
Neighbourhood,Minto,5720,3616.270689240963,1971,865,0.15122377622377622,"['Filipino', 'Black', 'Multiple visible minorities']","[965, 220, 90]","[0.6126984126984127, 0.13968253968253969, 0.05714285714285714]",1575,0.27534965034965037,"[5145, 570]","[0.9002624671916011, 0.09973753280839895]","[860, 1320, 2565]","[0.18124341412012646, 0.2781875658587987, 0.5405690200210748]",0.08
Neighbourhood,Mission Gardens,4530,3093.1361737837246,1971,575,0.12693156732891833,"['Filipino', 'Black', 'South Asian']","[615, 205, 165]","[0.5, 0.16666666666666666, 0.13414634146341464]",1230,0.271523178807947,"[4080, 450]","[0.9006622516556292, 0.09933774834437085]","[650, 1315, 1620]","[0.18131101813110181, 0.3668061366806137, 0.45188284518828453]",0.07
Neighbourhood,Montcalm,4940,4371.1901405771205,1971,400,0.08097165991902834,"['Chinese', 'South Asian', 'Black']","[830, 790, 725]","[0.2832764505119454, 0.2696245733788396, 0.24744027303754265]",2930,0.5931174089068826,"[2885, 2050]","[0.5845997973657548, 0.4154002026342452]","[440, 1330, 2555]","[0.10173410404624278, 0.30751445086705204, 0.5907514450867052]",0.11
Neighbourhood,Munroe East,8500,4193.972718454171,1971,1240,0.14588235294117646,"['Filipino', 'Black', 'South Asian']","[970, 625, 410]","[0.3592592592592593, 0.23148148148148148, 0.15185185185185185]",2700,0.3176470588235294,"[7115, 1390]","[0.8365667254556144, 0.16343327454438566]","[1520, 2235, 3045]","[0.2235294117647059, 0.3286764705882353, 0.44779411764705884]",0.08
Neighbourhood,Munroe West,3010,2305.5947055579386,1971,385,0.12790697674418605,"['Filipino', 'Black', 'South Asian']","[150, 105, 45]","[0.38461538461538464, 0.2692307692307692, 0.11538461538461539]",390,0.12956810631229235,"[2870, 145]","[0.9519071310116086, 0.04809286898839138]","[555, 935, 1080]","[0.21595330739299612, 0.3638132295719844, 0.42023346303501946]",0.08
Neighbourhood,Mynarski,1900,5022.376006788138,1971,145,0.07631578947368421,"['Filipino', 'Southeast Asian', 'Latin American']","[1195, 80, 25]","[0.8951310861423221, 0.0599250936329588, 0.018726591760299626]",1335,0.7026315789473684,"[1465, 435]","[0.7710526315789473, 0.22894736842105262]","[275, 430, 785]","[0.18456375838926176, 0.28859060402684567, 0.5268456375838926]",0.05
Neighbourhood,Niakwa Park,710,945.1783258628747,1971,75,0.1056338028169014,"['Black', 'Filipino', 'Korean']","[15, 10, 10]","[0.2727272727272727, 0.18181818181818182, 0.18181818181818182]",55,0.07746478873239436,"[680, 25]","[0.9645390070921985, 0.03546099290780142]","[105, 220, 310]","[0.16535433070866143, 0.3464566929133858, 0.4881889763779528]",0.02
Neighbourhood,Niakwa Place,2305,1363.696332928859,1986,185,0.08026030368763556,"['South Asian', 'Latin American', 'Filipino']","[90, 50, 40]","[0.2608695652173913, 0.14492753623188406, 0.11594202898550725]",345,0.14967462039045554,"[2115, 185]","[0.9195652173913044, 0.08043478260869565]","[285, 590, 1135]","[0.1417910447761194, 0.2935323383084577, 0.5646766169154229]",0.08
Neighbourhood,Norberry,1340,2279.5163342655533,1971,185,0.13805970149253732,"['Black', 'South Asian', 'Chinese']","[100, 65, 25]","[0.45454545454545453, 0.29545454545454547, 0.11363636363636363]",220,0.16417910447761194,"[1250, 90]","[0.9328358208955224, 0.06716417910447761]","[215, 350, 600]","[0.18454935622317598, 0.30042918454935624, 0.5150214592274678]",0.08
Neighbourhood,Normand Park,1745,1673.0665055920692,1971,95,0.05444126074498567,"['Chinese', 'South Asian', 'Arab']","[125, 85, 85]","[0.36764705882352944, 0.25, 0.25]",340,0.19484240687679083,"[1680, 65]","[0.9627507163323782, 0.03724928366762178]","[240, 350, 880]","[0.16326530612244897, 0.23809523809523808, 0.5986394557823129]",0.02
Neighbourhood,North Inkster Industrial,310,112.87524190802851,2016,0,0.0,"['South Asian', 'Filipino', 'Multiple visible minorities']","[155, 90, 25]","[0.5740740740740741, 0.3333333333333333, 0.09259259259259259]",270,0.8709677419354839,"[180, 125]","[0.5901639344262295, 0.4098360655737705]","[25, 30, 145]","[0.125, 0.15, 0.725]",0.07
Neighbourhood,North Point Douglas,2025,1786.2577239107134,1971,890,0.43950617283950616,"['Filipino', 'Latin American', 'Black']","[115, 70, 55]","[0.40350877192982454, 0.24561403508771928, 0.19298245614035087]",285,0.14074074074074075,"[1940, 85]","[0.9580246913580247, 0.04197530864197531]","[525, 460, 605]","[0.330188679245283, 0.2893081761006289, 0.3805031446540881]",0.12
Neighbourhood,North River Heights,5615,3253.6408617889288,1971,160,0.028495102404274268,"['Chinese', 'South Asian', 'West Asian']","[80, 45, 35]","[0.26229508196721313, 0.14754098360655737, 0.11475409836065574]",305,0.05431878895814782,"[5485, 135]","[0.9759786476868327, 0.02402135231316726]","[365, 995, 3270]","[0.07883369330453564, 0.21490280777537796, 0.7062634989200864]",0.03
Neighbourhood,North St. Boniface,2085,1487.3171438089444,1971,465,0.22302158273381295,"['Black', 'Southeast Asian', 'Filipino']","[135, 75, 55]","[0.38028169014084506, 0.2112676056338028, 0.15492957746478872]",355,0.17026378896882494,"[1940, 145]","[0.9304556354916067, 0.06954436450839328]","[240, 445, 1030]","[0.13994169096209913, 0.2594752186588921, 0.6005830903790087]",0.04
Neighbourhood,Norwood East,4070,3128.7980879738075,1971,730,0.17936117936117935,"['Black', 'South Asian', 'Latin American']","[110, 75, 75]","[0.25287356321839083, 0.1724137931034483, 0.1724137931034483]",435,0.10687960687960688,"[3900, 170]","[0.9582309582309583, 0.04176904176904177]","[565, 1090, 1900]","[0.1589310829817159, 0.3066104078762307, 0.5344585091420534]",0.07
Neighbourhood,Norwood West,2965,2224.724985724994,1971,310,0.1045531197301855,"['Black', 'Filipino', 'South Asian']","[40, 35, 30]","[0.19047619047619047, 0.16666666666666666, 0.14285714285714285]",210,0.07082630691399663,"[2905, 65]","[0.9781144781144782, 0.021885521885521887]","[230, 675, 1600]","[0.09181636726546906, 0.2694610778443114, 0.6387225548902196]",0.07
Neighbourhood,Old Tuxedo,915,1198.0501243222507,1971,95,0.10382513661202186,"['Filipino', 'South Asian', 'Korean']","[60, 25, 25]","[0.48, 0.2, 0.2]",125,0.1366120218579235,"[875, 45]","[0.9510869565217391, 0.04891304347826087]","[80, 190, 455]","[0.1103448275862069, 0.2620689655172414, 0.6275862068965518]",0.02
Neighbourhood,Parc La Salle,2145,3464.264776421681,1971,325,0.15151515151515155,"['Black', 'South Asian', 'Filipino']","[195, 175, 20]","[0.4482758620689655, 0.40229885057471265, 0.04597701149425287]",435,0.20279720279720279,"[1940, 200]","[0.9065420560747663, 0.09345794392523364]","[270, 550, 835]","[0.16314199395770393, 0.3323262839879154, 0.5045317220543807]",0.09
Neighbourhood,Peguis,950,323.8100237267534,1971,10,0.010526315789473684,"['Filipino', 'South Asian', 'Chinese']","[145, 140, 65]","[0.30526315789473685, 0.29473684210526313, 0.1368421052631579]",475,0.5,"[755, 200]","[0.7905759162303665, 0.2094240837696335]","[85, 200, 420]","[0.12056737588652482, 0.28368794326241137, 0.5957446808510638]",0.05
Neighbourhood,Pembina Strip,3175,4444.313797949596,1971,150,0.047244094488188976,"['South Asian', 'Chinese', 'Black']","[635, 390, 230]","[0.37026239067055394, 0.22740524781341107, 0.13411078717201166]",1715,0.5401574803149606,"[1885, 1290]","[0.5937007874015748, 0.4062992125984252]","[340, 820, 1650]","[0.12099644128113879, 0.2918149466192171, 0.5871886120996441]",0.14
Neighbourhood,Point Road,1870,2343.469989799013,1971,160,0.0855614973262032,"['Filipino', 'Black', 'South Asian']","[70, 45, 35]","[0.3111111111111111, 0.2, 0.15555555555555556]",225,0.12032085561497326,"[1790, 80]","[0.9572192513368984, 0.0427807486631016]","[145, 405, 1025]","[0.09206349206349207, 0.2571428571428571, 0.6507936507936508]",0.04
Neighbourhood,Polo Park,275,271.7039592700945,1971,25,0.09090909090909091,"['South Asian', 'Chinese', 'Filipino']","[65, 20, 15]","[0.5, 0.15384615384615385, 0.11538461538461539]",130,0.4727272727272727,"[150, 125]","[0.5454545454545454, 0.45454545454545453]","[15, 115, 135]","[0.05660377358490566, 0.4339622641509434, 0.5094339622641509]",0.1
Neighbourhood,Portage-Ellice,1075,6343.26816977536,2001,120,0.11162790697674418,"['South Asian', 'Chinese', 'Filipino']","[110, 90, 70]","[0.27848101265822783, 0.22784810126582278, 0.17721518987341772]",395,0.3674418604651163,"[805, 270]","[0.7488372093023256, 0.25116279069767444]","[90, 290, 610]","[0.09090909090909091, 0.29292929292929293, 0.6161616161616161]",0.1
Neighbourhood,Pulberry,4705,1883.5294258938259,1971,530,0.1126461211477152,"['South Asian', 'Chinese', 'Black']","[230, 185, 175]","[0.24468085106382978, 0.19680851063829788, 0.18617021276595744]",940,0.1997874601487779,"[4135, 570]","[0.8788522848034006, 0.12114771519659936]","[400, 1055, 2560]","[0.099626400996264, 0.2627646326276463, 0.6376089663760897]",0.08
Neighbourhood,Radisson,3315,2735.8663411687226,1971,380,0.11463046757164405,"['Filipino', 'Black', 'South Asian']","[195, 45, 25]","[0.6290322580645161, 0.14516129032258066, 0.08064516129032258]",310,0.09351432880844646,"[3240, 75]","[0.9773755656108597, 0.02262443438914027]","[585, 975, 1255]","[0.20781527531083482, 0.3463587921847247, 0.44582593250444047]",0.06
Neighbourhood,Richmond Lakes,1620,2506.0097827196705,1981,275,0.16975308641975306,"['Black', 'South Asian', 'Chinese']","[105, 95, 40]","[0.3387096774193548, 0.3064516129032258, 0.12903225806451613]",310,0.19135802469135801,"[1515, 105]","[0.9351851851851852, 0.06481481481481481]","[160, 375, 810]","[0.11895910780669144, 0.2788104089219331, 0.6022304832713755]",0.07
Neighbourhood,Richmond West,8605,3228.1141923355826,1971,430,0.04997094712376525,"['Chinese', 'South Asian', 'Black']","[1345, 1255, 580]","[0.31985731272294887, 0.2984542211652794, 0.13793103448275862]",4205,0.4886693782684486,"[6900, 1700]","[0.8023255813953488, 0.19767441860465115]","[910, 2100, 4170]","[0.12674094707520892, 0.2924791086350975, 0.5807799442896936]",0.07
Neighbourhood,Ridgedale,715,880.9183234707443,1971,10,0.013986013986013986,"['Southeast Asian', 'South Asian', 'Black']","[25, 20, 10]","[0.45454545454545453, 0.36363636363636365, 0.18181818181818182]",55,0.07692307692307693,"[695, 15]","[0.9788732394366197, 0.02112676056338028]","[70, 165, 400]","[0.11023622047244094, 0.25984251968503935, 0.6299212598425197]",0.07
Neighbourhood,Ridgewood South,190,62.1579472697776,1971,0,0.0,"['Filipino', 'South Asian', 'Black']","[10, 0, 0]","[1, 0, 0]",10,0.05263157894736842,"[185, 0]","[1, 0]","[20, 35, 90]","[0.13793103448275862, 0.2413793103448276, 0.6206896551724138]",0.0
Neighbourhood,River East,7725,2257.703811471649,1971,640,0.08284789644012945,"['South Asian', 'Black', 'Filipino']","[130, 120, 90]","[0.25742574257425743, 0.2376237623762376, 0.1782178217821782]",505,0.06537216828478964,"[7475, 250]","[0.9676375404530745, 0.032362459546925564]","[1025, 1940, 3720]","[0.15332834704562454, 0.29020194465220644, 0.556469708302169]",0.04
Neighbourhood,River Park South,13355,3018.3028256105763,1971,1170,0.08760763758891801,"['South Asian', 'Black', 'Chinese']","[765, 685, 555]","[0.2479740680713128, 0.22204213938411668, 0.17990275526742303]",3085,0.23099962560838638,"[12350, 1010]","[0.9244011976047904, 0.07559880239520958]","[1155, 3235, 6500]","[0.10606060606060606, 0.2970615243342516, 0.5968778696051423]",0.06
Neighbourhood,River West Park,1480,1937.4948453473287,1976,140,0.0945945945945946,"['Black', 'South Asian', 'Latin American']","[35, 20, 20]","[0.2916666666666667, 0.16666666666666666, 0.16666666666666666]",120,0.08108108108108109,"[1460, 20]","[0.9864864864864865, 0.013513513513513514]","[115, 340, 735]","[0.09663865546218488, 0.2857142857142857, 0.6176470588235294]",0.01
Neighbourhood,River-Osborne,4750,5434.770172150636,1971,665,0.13999999999999999,"['Black', 'South Asian', 'Filipino']","[340, 305, 145]","[0.27983539094650206, 0.25102880658436216, 0.11934156378600823]",1215,0.2557894736842105,"[3965, 780]","[0.8356164383561644, 0.1643835616438356]","[405, 1250, 2725]","[0.09246575342465753, 0.2853881278538813, 0.6221461187214612]",0.08
Neighbourhood,Riverbend,5555,3257.061608595594,1971,560,0.10081008100810081,"['Filipino', 'South Asian', 'Multiple visible minorities']","[795, 335, 125]","[0.5063694267515924, 0.21337579617834396, 0.07961783439490445]",1570,0.2826282628262826,"[5115, 450]","[0.9191374663072777, 0.08086253369272237]","[635, 1360, 2280]","[0.14853801169590644, 0.31812865497076026, 0.5333333333333333]",0.06
Neighbourhood,Rivergrove,2330,1525.8227491658727,1971,120,0.05150214592274678,"['Filipino', 'South Asian', 'Latin American']","[270, 30, 30]","[0.72, 0.08, 0.08]",375,0.1609442060085837,"[2240, 90]","[0.9613733905579399, 0.03862660944206009]","[315, 495, 1185]","[0.15789473684210525, 0.24812030075187969, 0.5939849624060151]",0.06
Neighbourhood,Riverview,4270,1748.3727235839103,1971,275,0.06440281030444965,"['Filipino', 'Black', 'Latin American']","[145, 130, 45]","[0.31521739130434784, 0.2826086956521739, 0.09782608695652174]",460,0.10772833723653395,"[4120, 150]","[0.9648711943793911, 0.0351288056206089]","[350, 940, 2345]","[0.09628610729023383, 0.2585969738651995, 0.6451169188445667]",0.05
Neighbourhood,Robertson,4970,3633.893625624141,1971,565,0.113682092555332,"['Filipino', 'Southeast Asian', 'Multiple visible minorities']","[2235, 80, 55]","[0.9085365853658537, 0.032520325203252036, 0.022357723577235773]",2460,0.4949698189134809,"[4260, 715]","[0.8562814070351759, 0.14371859296482412]","[805, 1440, 1875]","[0.1953883495145631, 0.34951456310679613, 0.4550970873786408]",0.07
Neighbourhood,Roblin Park,945,1348.7071678433958,1971,70,0.07407407407407407,"['Black', 'Filipino', 'Visible minority not included elsewhere']","[20, 10, 10]","[0.5, 0.25, 0.25]",40,0.042328042328042326,"[905, 45]","[0.9526315789473684, 0.04736842105263158]","[90, 225, 480]","[0.11320754716981132, 0.2830188679245283, 0.6037735849056604]",0.03
Neighbourhood,Rockwood,4245,4380.244426925759,1971,360,0.08480565371024734,"['South Asian', 'Filipino', 'Chinese']","[250, 240, 155]","[0.26881720430107525, 0.25806451612903225, 0.16666666666666666]",930,0.21908127208480566,"[3610, 635]","[0.850412249705536, 0.14958775029446408]","[485, 1055, 2115]","[0.1326949384404925, 0.28864569083447333, 0.5786593707250342]",0.08
Neighbourhood,Roslyn,4550,14491.045807628978,1971,235,0.05164835164835165,"['South Asian', 'Black', 'Chinese']","[135, 90, 90]","[0.23076923076923078, 0.15384615384615385, 0.15384615384615385]",585,0.12857142857142856,"[4200, 355]","[0.9220636663007684, 0.07793633369923161]","[270, 970, 3160]","[0.06136363636363636, 0.22045454545454546, 0.7181818181818181]",0.06
Neighbourhood,Rosser-Old Kildonan,680,42.51171729207863,1971,50,0.07352941176470588,"['Filipino', 'South Asian', 'Latin American']","[305, 110, 15]","[0.6931818181818182, 0.25, 0.03409090909090909]",440,0.6470588235294118,"[525, 150]","[0.7777777777777778, 0.2222222222222222]","[45, 140, 380]","[0.07964601769911504, 0.24778761061946902, 0.672566371681416]",0.11
Neighbourhood,Rossmere-A,13330,3348.147567657447,1971,1875,0.14066016504126033,"['Filipino', 'Black', 'South Asian']","[450, 430, 375]","[0.23376623376623376, 0.22337662337662337, 0.19480519480519481]",1925,0.1444111027756939,"[12345, 980]","[0.9264540337711069, 0.07354596622889306]","[2525, 3425, 5140]","[0.22768259693417492, 0.30883678990081154, 0.46348061316501354]",0.06
Neighbourhood,Rossmere-B,4185,3393.3294521536495,1971,395,0.09438470728793309,"['Filipino', 'Latin American', 'Black']","[230, 120, 65]","[0.4144144144144144, 0.21621621621621623, 0.11711711711711711]",555,0.13261648745519714,"[3950, 230]","[0.9449760765550239, 0.05502392344497608]","[530, 1225, 1805]","[0.14887640449438203, 0.3441011235955056, 0.5070224719101124]",0.06
Neighbourhood,Royalwood,4955,1721.622501519232,1986,300,0.06054490413723512,"['Chinese', 'South Asian', 'Southeast Asian']","[410, 300, 175]","[0.3106060606060606, 0.22727272727272727, 0.13257575757575757]",1320,0.26639757820383453,"[4790, 165]","[0.9667003027245207, 0.033299697275479316]","[450, 985, 2435]","[0.11627906976744186, 0.25452196382428943, 0.6291989664082688]",0.03
Neighbourhood,Sage Creek,4790,1171.737878078105,2011,435,0.09081419624217119,"['Chinese', 'South Asian', 'Filipino']","[355, 345, 170]","[0.2581818181818182, 0.2509090909090909, 0.12363636363636364]",1375,0.2870563674321503,"[4370, 420]","[0.9123173277661796, 0.08768267223382047]","[320, 845, 2375]","[0.0903954802259887, 0.2387005649717514, 0.6709039548022598]",0.03
Neighbourhood,Sargent Park,6180,2976.8628393587514,1971,610,0.09870550161812297,"['Filipino', 'Black', 'Latin American']","[2710, 110, 80]","[0.8603174603174604, 0.03492063492063492, 0.025396825396825397]",3150,0.5097087378640777,"[5210, 970]","[0.843042071197411, 0.156957928802589]","[940, 1615, 2640]","[0.1809432146294514, 0.3108758421559192, 0.5081809432146295]",0.06
Neighbourhood,Seven Oaks,3000,2446.225840462043,1971,410,0.13666666666666666,"['Filipino', 'South Asian', 'Black']","[275, 50, 50]","[0.5978260869565217, 0.10869565217391304, 0.10869565217391304]",460,0.15333333333333332,"[2800, 195]","[0.9348914858096828, 0.0651085141903172]","[365, 845, 1305]","[0.14512922465208747, 0.3359840954274354, 0.5188866799204771]",0.06
Neighbourhood,Shaughnessy Park,2745,3401.6345194649084,1971,310,0.11293260473588343,"['Filipino', 'Black', 'Chinese']","[1480, 50, 50]","[0.8783382789317508, 0.02967359050445104, 0.02967359050445104]",1685,0.6138433515482696,"[2200, 545]","[0.8014571948998178, 0.19854280510018216]","[520, 665, 1075]","[0.23008849557522124, 0.2942477876106195, 0.4756637168141593]",0.06
Neighbourhood,Silver Heights,5140,3098.6367204125404,1971,500,0.09727626459143968,"['Filipino', 'Black', 'Chinese']","[375, 125, 95]","[0.45454545454545453, 0.15151515151515152, 0.11515151515151516]",825,0.1605058365758755,"[4850, 290]","[0.943579766536965, 0.05642023346303502]","[645, 1455, 2310]","[0.14625850340136054, 0.3299319727891156, 0.5238095238095238]",0.05
Neighbourhood,Sir John Franklin,2425,2228.6329243983378,1971,220,0.09072164948453608,"['Latin American', 'Filipino', 'Southeast Asian']","[70, 40, 30]","[0.3111111111111111, 0.17777777777777778, 0.13333333333333333]",225,0.09278350515463918,"[2320, 105]","[0.9567010309278351, 0.04329896907216495]","[195, 405, 1470]","[0.09420289855072464, 0.1956521739130435, 0.7101449275362319]",0.05
Neighbourhood,South Point Douglas,390,562.5968315700491,1971,205,0.5256410256410257,"['Black', 'Southeast Asian', 'Filipino']","[25, 10, 0]","[0.7142857142857143, 0.2857142857142857, 0]",35,0.08974358974358974,"[355, 40]","[0.8987341772151899, 0.10126582278481013]","[90, 80, 115]","[0.3157894736842105, 0.2807017543859649, 0.40350877192982454]",0.13
Neighbourhood,South Pointe,4795,2194.3513415060524,2011,135,0.02815432742440042,"['South Asian', 'Chinese', 'Filipino']","[1150, 700, 345]","[0.35222052067381315, 0.21439509954058192, 0.10566615620214395]",3265,0.6809176225234619,"[3595, 1200]","[0.7497393117831074, 0.2502606882168926]","[445, 940, 2260]","[0.12208504801097393, 0.2578875171467764, 0.6200274348422496]",0.07
Neighbourhood,South Portage,1865,2823.238049679907,1981,165,0.08847184986595175,"['Black', 'South Asian', 'Filipino']","[260, 145, 140]","[0.31137724550898205, 0.17365269461077845, 0.16766467065868262]",835,0.4477211796246649,"[1210, 655]","[0.6487935656836461, 0.3512064343163539]","[195, 400, 1125]","[0.11337209302325581, 0.23255813953488372, 0.6540697674418605]",0.1
Neighbourhood,South River Heights,2665,2373.9216026865847,1971,135,0.05065666041275797,"['Filipino', 'Chinese', 'Multiple visible minorities']","[115, 80, 65]","[0.2911392405063291, 0.20253164556962025, 0.16455696202531644]",395,0.14821763602251406,"[2480, 185]","[0.9305816135084428, 0.06941838649155722]","[180, 590, 1480]","[0.08, 0.26222222222222225, 0.6577777777777778]",0.03
Neighbourhood,South Tuxedo,3440,1642.5504606781058,1971,85,0.024709302325581398,"['South Asian', 'Chinese', 'Filipino']","[125, 85, 70]","[0.26881720430107525, 0.1827956989247312, 0.15053763440860216]",465,0.13517441860465115,"[3295, 145]","[0.9578488372093024, 0.04215116279069767]","[245, 675, 2145]","[0.0799347471451876, 0.22022838499184338, 0.6998368678629691]",0.06
Neighbourhood,Southboine,1360,1944.3376170712845,1971,190,0.13970588235294118,"['South Asian', 'Multiple visible minorities', 'Filipino']","[25, 15, 10]","[0.25, 0.15, 0.1]",100,0.07352941176470588,"[1320, 40]","[0.9705882352941176, 0.029411764705882353]","[190, 365, 645]","[0.15833333333333333, 0.30416666666666664, 0.5375]",0.01
Neighbourhood,Southdale,6450,2123.1073074391047,1971,480,0.07441860465116279,"['South Asian', 'Filipino', 'Black']","[235, 225, 170]","[0.24479166666666666, 0.234375, 0.17708333333333334]",960,0.14883720930232558,"[6065, 385]","[0.9403100775193799, 0.059689922480620154]","[660, 1600, 3220]","[0.12043795620437957, 0.291970802919708, 0.5875912408759124]",0.05
Neighbourhood,Southland Park,1210,441.14119216037415,1986,65,0.05371900826446281,"['Black', 'Filipino', 'Chinese']","[80, 30, 30]","[0.38095238095238093, 0.14285714285714285, 0.14285714285714285]",210,0.17355371900826447,"[1170, 40]","[0.9669421487603306, 0.03305785123966942]","[80, 325, 575]","[0.08163265306122448, 0.33163265306122447, 0.5867346938775511]",0.09
Neighbourhood,Spence,4415,9125.954711287039,1971,1210,0.2740656851642129,"['Black', 'Filipino', 'Chinese']","[730, 705, 185]","[0.33874709976798145, 0.3271461716937355, 0.08584686774941995]",2155,0.4881087202718007,"[3430, 990]","[0.7760180995475113, 0.2239819004524887]","[1260, 1020, 1295]","[0.35244755244755244, 0.2853146853146853, 0.3622377622377622]",0.12
Neighbourhood,Springfield North,5820,2327.8454310633774,1971,605,0.10395189003436427,"['South Asian', 'Black', 'Filipino']","[165, 130, 105]","[0.2727272727272727, 0.21487603305785125, 0.17355371900826447]",605,0.10395189003436427,"[5580, 240]","[0.9587628865979382, 0.041237113402061855]","[585, 1520, 2710]","[0.12149532710280374, 0.31568016614745587, 0.5628245067497404]",0.07
Neighbourhood,Springfield South,1495,2319.2929491942978,1971,130,0.08695652173913043,"['South Asian', 'Filipino', 'Black']","[110, 75, 70]","[0.4074074074074074, 0.2777777777777778, 0.25925925925925924]",270,0.1806020066889632,"[1360, 135]","[0.9096989966555183, 0.0903010033444816]","[255, 375, 585]","[0.20987654320987653, 0.30864197530864196, 0.48148148148148145]",0.05
Neighbourhood,St. Boniface Industrial Park,1520,274.1261687333135,2016,220,0.14473684210526316,"['South Asian', 'Filipino', 'Black']","[155, 105, 55]","[0.36470588235294116, 0.24705882352941178, 0.12941176470588237]",425,0.27960526315789475,"[1305, 215]","[0.8585526315789473, 0.14144736842105263]","[135, 350, 660]","[0.11790393013100436, 0.3056768558951965, 0.5764192139737991]",0.03
Neighbourhood,St. George,2760,2807.300201088134,1971,385,0.13949275362318841,"['Filipino', 'Black', 'Arab']","[140, 115, 45]","[0.32558139534883723, 0.26744186046511625, 0.10465116279069768]",430,0.15579710144927536,"[2425, 340]","[0.8770343580470162, 0.12296564195298372]","[335, 695, 1315]","[0.14285714285714285, 0.29637526652452023, 0.5607675906183369]",0.08
Neighbourhood,St. John's Park,530,1318.037467080149,1971,150,0.2830188679245283,"['Black', 'Southeast Asian', 'Filipino']","[45, 10, 0]","[0.8181818181818182, 0.18181818181818182, 0]",55,0.10377358490566038,"[515, 10]","[0.9809523809523809, 0.01904761904761905]","[90, 140, 180]","[0.21951219512195122, 0.34146341463414637, 0.43902439024390244]",0.11
Neighbourhood,St. John's,8330,5377.690782134447,1971,2895,0.34753901560624256,"['Filipino', 'Southeast Asian', 'Black']","[1455, 195, 140]","[0.6217948717948718, 0.08333333333333333, 0.05982905982905983]",2340,0.2809123649459784,"[7475, 850]","[0.8978978978978979, 0.1021021021021021]","[2100, 1955, 2475]","[0.3215926493108729, 0.2993874425727412, 0.3790199081163859]",0.1
Neighbourhood,St. Matthews,5770,6774.256416758829,1971,1110,0.19237435008665515,"['Filipino', 'Black', 'Southeast Asian']","[1465, 530, 300]","[0.5034364261168385, 0.18213058419243985, 0.10309278350515463]",2910,0.5043327556325823,"[4770, 1000]","[0.8266897746967071, 0.1733102253032929]","[1170, 1285, 2160]","[0.2535211267605634, 0.27843986998916576, 0.46803900325027087]",0.08
Neighbourhood,St. Norbert,1765,975.5180885372479,1971,165,0.09348441926345609,"['Arab', 'Black', 'South Asian']","[105, 80, 60]","[0.3559322033898305, 0.2711864406779661, 0.2033898305084746]",295,0.1671388101983003,"[1615, 150]","[0.9150141643059491, 0.08498583569405099]","[210, 455, 860]","[0.1377049180327869, 0.2983606557377049, 0.5639344262295082]",0.06
Neighbourhood,St. Vital Perimeter South,1820,49.39891428243395,1971,140,0.07692307692307693,"['South Asian', 'Multiple visible minorities', 'Black']","[80, 30, 25]","[0.47058823529411764, 0.17647058823529413, 0.14705882352941177]",170,0.09340659340659341,"[1800, 20]","[0.989010989010989, 0.01098901098901099]","[180, 505, 805]","[0.12080536912751678, 0.3389261744966443, 0.540268456375839]",0.05
Neighbourhood,Stock Yards,710,429.84583064679686,2006,70,0.09859154929577464,"['Southeast Asian', 'Filipino', 'South Asian']","[90, 70, 35]","[0.32142857142857145, 0.25, 0.125]",280,0.39436619718309857,"[660, 55]","[0.9230769230769231, 0.07692307692307693]","[125, 160, 275]","[0.22321428571428573, 0.2857142857142857, 0.49107142857142855]",0.05
Neighbourhood,Sturgeon Creek,2955,2637.844091363136,1971,450,0.15228426395939088,"['Filipino', 'Black', 'Chinese']","[110, 75, 25]","[0.4230769230769231, 0.28846153846153844, 0.09615384615384616]",260,0.08798646362098139,"[2845, 110]","[0.9627749576988156, 0.03722504230118443]","[420, 735, 1335]","[0.1686746987951807, 0.29518072289156627, 0.536144578313253]",0.04
Neighbourhood,Talbot-Grey,2325,3874.2186992289885,1971,410,0.17634408602150536,"['Filipino', 'Black', 'Latin American']","[315, 130, 110]","[0.5121951219512195, 0.21138211382113822, 0.17886178861788618]",615,0.2645161290322581,"[2125, 200]","[0.9139784946236559, 0.08602150537634409]","[405, 735, 790]","[0.20984455958549222, 0.38082901554404147, 0.40932642487046633]",0.06
Neighbourhood,Templeton-Sinclair,6010,3578.0220146585784,1971,500,0.0831946755407654,"['Filipino', 'South Asian', 'Black']","[1310, 445, 100]","[0.6267942583732058, 0.21291866028708134, 0.04784688995215311]",2090,0.34775374376039936,"[5570, 440]","[0.9267886855241264, 0.07321131447587355]","[890, 1560, 2550]","[0.178, 0.312, 0.51]",0.05
Neighbourhood,The Maples,14630,4981.527827434155,1971,1635,0.11175666438824335,"['Filipino', 'South Asian', 'Black']","[4810, 2970, 315]","[0.5475241889584519, 0.33807626636311894, 0.035856573705179286]",8785,0.6004784688995215,"[10250, 4385]","[0.700375811411001, 0.299624188588999]","[2500, 3435, 5680]","[0.2152389151958674, 0.29573826947912185, 0.48902281532501074]",0.07
Neighbourhood,Transcona South,645,113.1091189097754,1971,65,0.10077519379844961,"['Multiple visible minorities', 'Filipino', 'South Asian']","[10, 0, 0]","[1, 0, 0]",10,0.015503875968992248,"[635, 15]","[0.9769230769230769, 0.023076923076923078]","[75, 180, 285]","[0.1388888888888889, 0.3333333333333333, 0.5277777777777778]",0.08
Neighbourhood,Tuxedo Industrial,545,82.1946483893921,2016,20,0.03669724770642202,"['South Asian', 'Arab', 'Filipino']","[40, 35, 30]","[0.18604651162790697, 0.16279069767441862, 0.13953488372093023]",215,0.3944954128440367,"[380, 165]","[0.6972477064220184, 0.30275229357798167]","[40, 130, 285]","[0.08791208791208792, 0.2857142857142857, 0.6263736263736264]",0.06
Neighbourhood,Tuxedo,2245,952.7661411103948,1971,80,0.035634743875278395,"['South Asian', 'Chinese', 'Filipino']","[50, 50, 35]","[0.25, 0.25, 0.175]",200,0.08908685968819599,"[2205, 40]","[0.9821826280623608, 0.017817371937639197]","[150, 350, 1395]","[0.079155672823219, 0.18469656992084432, 0.7361477572559367]",0.07
Neighbourhood,Tyndall Park,12560,4164.138676427196,1971,1195,0.09514331210191082,"['Filipino', 'South Asian', 'Multiple visible minorities']","[5105, 1650, 295]","[0.6421383647798742, 0.20754716981132076, 0.03710691823899371]",7950,0.6329617834394905,"[10500, 2060]","[0.8359872611464968, 0.16401273885350318]","[2095, 3285, 4915]","[0.20349684312773192, 0.3190869354055367, 0.4774162214667314]",0.06
Neighbourhood,Valhalla,2855,4237.269269186073,1971,185,0.06479859894921192,"['Black', 'Filipino', 'Multiple visible minorities']","[80, 50, 15]","[0.5161290322580645, 0.3225806451612903, 0.0967741935483871]",155,0.0542907180385289,"[2790, 60]","[0.9789473684210527, 0.021052631578947368]","[670, 930, 1140]","[0.24452554744525548, 0.33941605839416056, 0.41605839416058393]",0.06
Neighbourhood,Valley Gardens,8430,3588.96285359586,1971,1225,0.14531435349940686,"['South Asian', 'Black', 'Filipino']","[1255, 605, 385]","[0.46139705882352944, 0.22242647058823528, 0.14154411764705882]",2720,0.32265717674970346,"[7290, 1140]","[0.8647686832740213, 0.13523131672597866]","[1310, 2410, 3145]","[0.1908230152949745, 0.3510560815731974, 0.4581209031318281]",0.08
Neighbourhood,Varennes,1070,2618.883865962097,1971,185,0.17289719626168223,"['Filipino', 'Chinese', 'Black']","[85, 55, 30]","[0.38636363636363635, 0.25, 0.13636363636363635]",220,0.205607476635514,"[1005, 65]","[0.9392523364485982, 0.06074766355140187]","[195, 300, 425]","[0.21195652173913043, 0.32608695652173914, 0.46195652173913043]",0.02
Neighbourhood,Varsity View,2685,2182.2756949755644,1971,195,0.07262569832402235,"['South Asian', 'Black', 'Southeast Asian']","[95, 45, 30]","[0.3877551020408163, 0.1836734693877551, 0.12244897959183673]",245,0.09124767225325885,"[2510, 170]","[0.9365671641791045, 0.06343283582089553]","[230, 700, 1325]","[0.10199556541019955, 0.31042128603104213, 0.5875831485587583]",0.06
Neighbourhood,Vialoux,950,1720.394278149725,1971,75,0.07894736842105263,"['Filipino', 'South Asian', 'Arab']","[15, 15, 15]","[0.1875, 0.1875, 0.1875]",80,0.08421052631578947,"[885, 65]","[0.9315789473684211, 0.06842105263157895]","[130, 250, 445]","[0.15757575757575756, 0.30303030303030304, 0.5393939393939394]",0.07
Neighbourhood,Victoria Crescent,525,687.3527101335428,1971,25,0.047619047619047616,"['Latin American', 'South Asian', 'Black']","[20, 15, 10]","[0.36363636363636365, 0.2727272727272727, 0.18181818181818182]",55,0.10476190476190476,"[525, 10]","[0.9813084112149533, 0.018691588785046728]","[45, 75, 310]","[0.10465116279069768, 0.1744186046511628, 0.7209302325581395]",0.0
Neighbourhood,Victoria West,2705,3184.7621200508147,1971,430,0.15896487985212568,"['Filipino', 'Latin American', 'Black']","[170, 55, 25]","[0.5573770491803278, 0.18032786885245902, 0.08196721311475409]",305,0.11275415896487985,"[2490, 210]","[0.9222222222222223, 0.07777777777777778]","[445, 855, 875]","[0.2045977011494253, 0.3931034482758621, 0.40229885057471265]",0.09
Neighbourhood,Vista,1440,2966.2710265357664,1971,120,0.08333333333333334,"['South Asian', 'Chinese', 'Filipino']","[205, 50, 30]","[0.5061728395061729, 0.12345679012345678, 0.07407407407407407]",405,0.28125,"[1270, 170]","[0.8819444444444444, 0.11805555555555555]","[195, 375, 640]","[0.16115702479338842, 0.30991735537190085, 0.5289256198347108]",0.05
Neighbourhood,Waverley Heights,5180,2530.1826860282627,1976,420,0.08108108108108109,"['South Asian', 'Chinese', 'Black']","[840, 440, 325]","[0.4028776978417266, 0.21103117505995203, 0.15587529976019185]",2085,0.4025096525096525,"[4300, 880]","[0.8301158301158301, 0.16988416988416988]","[545, 1435, 2455]","[0.12288613303269448, 0.32356257046223225, 0.5535512965050733]",0.08
Neighbourhood,Wellington Crescent,1655,1703.0007799846474,1971,125,0.07552870090634442,"['South Asian', 'Latin American', 'Black']","[50, 25, 20]","[0.35714285714285715, 0.17857142857142858, 0.14285714285714285]",140,0.08459214501510574,"[1570, 80]","[0.9515151515151515, 0.048484848484848485]","[90, 335, 930]","[0.06642066420664207, 0.24723247232472326, 0.6863468634686347]",0.02
Neighbourhood,West Alexander,3970,2843.022885260036,1971,845,0.2128463476070529,"['Filipino', 'Black', 'Southeast Asian']","[1025, 565, 180]","[0.45253863134657835, 0.24944812362030905, 0.07947019867549669]",2265,0.570528967254408,"[3005, 965]","[0.756926952141058, 0.24307304785894207]","[1030, 920, 1090]","[0.33881578947368424, 0.3026315789473684, 0.35855263157894735]",0.11
Neighbourhood,West Broadway,5010,7429.442539712668,1971,1160,0.2315369261477046,"['Black', 'Filipino', 'Arab']","[570, 135, 135]","[0.4596774193548387, 0.10887096774193548, 0.10887096774193548]",1240,0.24750499001996007,"[4255, 760]","[0.8484546360917248, 0.15154536390827517]","[810, 1290, 2285]","[0.1847206385404789, 0.29418472063854045, 0.5210946408209807]",0.09
Neighbourhood,West Wolseley,305,1310.5878308697147,1971,20,0.06557377049180328,"['Filipino', 'Arab', 'Japanese']","[55, 10, 10]","[0.7333333333333333, 0.13333333333333333, 0.13333333333333333]",75,0.2459016393442623,"[275, 30]","[0.9016393442622951, 0.09836065573770492]","[55, 60, 185]","[0.18333333333333332, 0.2, 0.6166666666666667]",0.0
Neighbourhood,Westdale,4540,2696.781919443441,1971,640,0.1409691629955947,"['South Asian', 'Black', 'Filipino']","[110, 105, 90]","[0.22916666666666666, 0.21875, 0.1875]",480,0.10572687224669604,"[4205, 330]","[0.9272326350606395, 0.07276736493936053]","[550, 1260, 1990]","[0.14473684210526316, 0.33157894736842103, 0.5236842105263158]",0.06
Neighbourhood,Weston,6235,4345.898684450814,1971,1795,0.28789093825180434,"['Filipino', 'Black', 'Multiple visible minorities']","[2205, 195, 175]","[0.7989130434782609, 0.07065217391304347, 0.06340579710144928]",2760,0.44266238973536487,"[5365, 870]","[0.8604651162790697, 0.13953488372093023]","[1405, 1330, 1975]","[0.29830148619957536, 0.2823779193205945, 0.41932059447983017]",0.09
Neighbourhood,Westwood,7095,2559.124984850846,1971,490,0.06906272022551092,"['South Asian', 'Filipino', 'Chinese']","[185, 180, 95]","[0.29365079365079366, 0.2857142857142857, 0.15079365079365079]",630,0.08879492600422834,"[6825, 270]","[0.9619450317124736, 0.03805496828752643]","[760, 1940, 3345]","[0.12572373862696443, 0.32092638544251445, 0.5533498759305211]",0.05
Neighbourhood,Whyte Ridge,7690,2719.803636543692,1986,385,0.05006501950585176,"['South Asian', 'Chinese', 'Filipino']","[440, 420, 200]","[0.2674772036474164, 0.2553191489361702, 0.12158054711246201]",1645,0.21391417425227569,"[7105, 585]","[0.923927178153446, 0.07607282184655396]","[655, 1595, 4095]","[0.10323089046493301, 0.25137903861308114, 0.6453900709219859]",0.05
Neighbourhood,Wildwood,1130,885.4106268080399,1971,70,0.061946902654867256,"['Chinese', 'Filipino', 'South Asian']","[10, 0, 0]","[1, 0, 0]",10,0.008849557522123894,"[1110, 20]","[0.9823008849557522, 0.017699115044247787]","[75, 175, 690]","[0.0797872340425532, 0.18617021276595744, 0.7340425531914894]",0.03
Neighbourhood,Wilkes South,610,26.088155126499966,1971,50,0.0819672131147541,"['Chinese', 'Korean', 'South Asian']","[20, 20, 15]","[0.26666666666666666, 0.26666666666666666, 0.2]",75,0.12295081967213115,"[595, 20]","[0.967479674796748, 0.032520325203252036]","[70, 85, 340]","[0.1414141414141414, 0.1717171717171717, 0.6868686868686869]",0.03
Neighbourhood,William Whyte,6260,5391.1466348824415,1971,2530,0.4041533546325879,"['Filipino', 'Black', 'Southeast Asian']","[1420, 255, 220]","[0.6367713004484304, 0.11434977578475336, 0.09865470852017937]",2230,0.3562300319488818,"[5410, 850]","[0.8642172523961661, 0.13578274760383385]","[1910, 1310, 1485]","[0.4059511158342189, 0.2784272051009564, 0.31562167906482463]",0.13
Neighbourhood,Windsor Park,10050,2994.5231512395094,1971,1445,0.14378109452736318,"['Black', 'Filipino', 'South Asian']","[435, 390, 260]","[0.2676923076923077, 0.24, 0.16]",1625,0.16169154228855723,"[9300, 750]","[0.9253731343283582, 0.07462686567164178]","[1425, 2785, 4105]","[0.1713770294648226, 0.3349368610944077, 0.4936861094407697]",0.06
Neighbourhood,Wolseley,7805,4508.696498582693,1971,955,0.12235746316463805,"['South Asian', 'Black', 'Latin American']","[110, 95, 95]","[0.18803418803418803, 0.1623931623931624, 0.1623931623931624]",585,0.07495195387572069,"[7485, 325]","[0.9583866837387964, 0.041613316261203584]","[615, 1655, 4210]","[0.09490740740740741, 0.25540123456790126, 0.6496913580246914]",0.05
Neighbourhood,Woodhaven,900,1496.5678710158038,1971,75,0.08333333333333333,"['Latin American', 'Filipino', 'Chinese']","[20, 10, 10]","[0.5, 0.25, 0.25]",40,0.044444444444444446,"[890, 10]","[0.9888888888888889, 0.011111111111111112]","[100, 210, 430]","[0.13513513513513514, 0.28378378378378377, 0.581081081081081]",0.08
Neighbourhood,Worthington,5315,3609.5346043332074,1971,685,0.12888052681091253,"['South Asian', 'Black', 'Chinese']","[855, 345, 260]","[0.4362244897959184, 0.1760204081632653, 0.1326530612244898]",1960,0.36876763875823143,"[4200, 1115]","[0.7902163687676388, 0.20978363123236124]","[755, 1295, 2315]","[0.1729667812142039, 0.29667812142038946, 0.5303550973654066]",0.08
Neighbourhood,West Perimeter South,0.0,0.0,1971,,,,,,,,,,,,,,,,,,,,,,,,
Neighbourhood,Griffin,0.0,0.0,1971,,,,,,,,,,,,,,,,,,,,,,,,
Neighbourhood,The Forks,0.0,0.0,1971,,,,,,,,,,,,,,,,,,,,,,,,
Neighbourhood,Portage & Main,0.0,0.0,1971,,,,,,,,,,,,,,,,,,,,,,,,
Neighbourhood,Buffalo,0.0,0.0,1971,,,,,,,,,,,,,,,,,,,,,,,,
Neighbourhood,Parker,0.0,0.0,1971,,,,,,,,,,,,,,,,,,,,,,,,
Neighbourhood,West Fort Garry Industrial,0.0,0.0,1971,,,,,,,,,,,,,,,,,,,,,,,,
Neighbourhood,La Barriere,0.0,0.0,1971,,,,,,,,,,,,,,,,,,,,,,,,
Neighbourhood,Perrault,0.0,0.0,1971,,,,,,,,,,,,,,,,,,,,,,,,
Neighbourhood,Trappistes,0.0,0.0,1971,,,,,,,,,,,,,,,,,,,,,,,,
Neighbourhood,Turnbull Drive,0.0,0.0,1971,,,,,,,,,,,,,,,,,,,,,,,,
Neighbourhood,University,0.0,0.0,1971,,,,,,,,,,,,,,,,,,,,,,,,
Neighbourhood,Waverley West B,0.0,0.0,1971,,,,,,,,,,,,,,,,,,,,,,,,
Neighbourhood,Oak Point Highway,0.0,0.0,1971,,,,,,,,,,,,,,,,,,,,,,,,
Neighbourhood,Pacific Industrial,0.0,0.0,1971,,,,,,,,,,,,,,,,,,,,,,,,
Neighbourhood,Weston Shops,0.0,0.0,1971,,,,,,,,,,,,,,,,,,,,,,,,
Neighbourhood,Inkster Industrial Park,0.0,0.0,1971,,,,,,,,,,,,,,,,,,,,,,,,
Neighbourhood,Dufferin Industrial,0.0,0.0,1971,,,,,,,,,,,,,,,,,,,,,,,,
Neighbourhood,West Kildonan Industrial,0.0,0.0,1971,,,,,,,,,,,,,,,,,,,,,,,,
Neighbourhood,Maple Grove Park,0.0,0.0,1971,,,,,,,,,,,,,,,,,,,,,,,,
Neighbourhood,Regent,0.0,0.0,1971,,,,,,,,,,,,,,,,,,,,,,,,
Neighbourhood,Transcona Yards,0.0,0.0,1971,,,,,,,,,,,,,,,,,,,,,,,,
Neighbourhood,Saskatchewan North,0.0,0.0,1971,,,,,,,,,,,,,,,,,,,,,,,,
Neighbourhood,Tyne-Tees,0.0,0.0,1971,,,,,,,,,,,,,,,,,,,,,,,,
Neighbourhood,Murray Industrial Park,0.0,0.0,1971,,,,,,,,,,,,,,,,,,,,,,,,
Neighbourhood,Omand's Creek Industrial,0.0,0.0,1971,,,,,,,,,,,,,,,,,,,,,,,,
Neighbourhood,St. James Industrial,0.0,0.0,1971,,,,,,,,,,,,,,,,,,,,,,,,
Neighbourhood,Kildonan Crossing,0.0,0.0,1971,,,,,,,,,,,,,,,,,,,,,,,,
Neighbourhood,Mcleod Industrial,0.0,0.0,1971,,,,,,,,,,,,,,,,,,,,,,,,
Neighbourhood,North Transcona Yards,0.0,0.0,1971,,,,,,,,,,,,,,,,,,,,,,,,
Neighbourhood,Dugald,0.0,0.0,1971,,,,,,,,,,,,,,,,,,,,,,,,
Neighbourhood,The Mint,0.0,0.0,1971,,,,,,,,,,,,,,,,,,,,,,,,
Neighbourhood,Mission Industrial,0.0,0.0,1971,,,,,,,,,,,,,,,,,,,,,,,,
Neighbourhood,Tissot,0.0,0.0,1971,,,,,,,,,,,,,,,,,,,,,,,,
Neighbourhood,Fraipont,0.0,0.0,1971,,,,,,,,,,,,,,,,,,,,,,,,
Neighbourhood,Symington Yards,0.0,0.0,1971,,,,,,,,,,,,,,,,,,,,,,,,
Neighbourhood,Chevrier,0.0,0.0,1971,,,,,,,,,,,,,,,,,,,,,,,,
Neighbourhood,St. Vital Centre,0.0,0.0,1971,,,,,,,,,,,,,,,,,,,,,,,,
Neighbourhood,Assiniboine Park,0.0,0.0,1971,,,,,,,,,,,,,,,,,,,,,,,,
Neighbourhood,Legislature,0.0,0.0,1971,,,,,,,,,,,,,,,,,,,,,,,,
Neighbourhood,Kildonan Park,0.0,0.0,1971,,,,,,,,,,,,,,,,,,,,,,,,
Neighbourhood,Transcona North,0.0,0.0,1971,,,,,,,,,,,,,,,,,,,,,,,,
Neighbourhood,Prairie Pointe,0.0,0.0,1971,,,,,,,,,,,,,,,,,,,,,,,,
